Workbook

Sheet customers
A1: customer_id | B1: first_name | C1: last_name | D1: full name | E1: customer_tier | F1: total_spend | G1: age | H1: gender | I1: location | J1: signup_date
A2: 1 | B2: Jen | C2: South | D2: =B2 & " " & C2 -> Jen South | E2: =IF(F2=MAX(F:F),"Top Customer",IF(RANK(F2,F:F)<=3,"High Value","Regular")) -> High Value | F2: =SUMIF(orders!B:B,A2,orders!E:E) -> 1002.5 | G2: 29 | H2: F | I2: New York | J2: 44576
A3: 2 | B3: Edward | C3: Juan | D3: =B3 & " " & C3 -> Edward Juan | E3: =IF(F3=MAX(F:F),"Top Customer",IF(RANK(F3,F:F)<=3,"High Value","Regular")) -> Regular | F3: =SUMIF(orders!B:B,A3,orders!E:E) -> 1000 | G3: 45 | H3: M | I3: Chicago | J3: 44138
A4: 3 | B4: Tara | C4: Davis | D4: =B4 & " " & C4 -> Tara Davis | E4: =IF(F4=MAX(F:F),"Top Customer",IF(RANK(F4,F:F)<=3,"High Value","Regular")) -> Regular | F4: =SUMIF(orders!B:B,A4,orders!E:E) -> 625 | G4: 34 | H4: F | I4: San Francisco | J4: 44368
A5: 4 | B5: Michael | C5: Queen | D5: =B5 & " " & C5 -> Michael Queen | E5: =IF(F5=MAX(F:F),"Top Customer",IF(RANK(F5,F:F)<=3,"High Value","Regular")) -> Top Customer | F5: =SUMIF(orders!B:B,A5,orders!E:E) -> 1500 | G5: 52 | H5: M | I5: Austin | J5: 44814
A6: 5 | B6: Justin | C6: Case | D6: =B6 & " " & C6 -> Justin Case | E6: =IF(F6=MAX(F:F),"Top Customer",IF(RANK(F6,F:F)<=3,"High Value","Regular")) -> High Value | F6: =SUMIF(orders!B:B,A6,orders!E:E) -> 1425 | G6: 24 | H6: M | I6: Tampa Bay | J6: 44759

Sheet revenue trends
A3: year-month | B3: Sum of order_amount
A4: 2024-01 | B4: 602.5
A5: 2024-03 | B5: 250
A6: 2024-04 | B6: 375
A7: 2024-08 | B7: 300
A8: 2025-01 | B8: 750
A9: 2025-02 | B9: 1000
A10: 2025-03 | B10: 775
A11: 2025-05 | B11: 1500
A12: Grand Total | B12: 5552.5

Sheet orders
A1: order_id | B1: customer_id | C1: customer_names | D1: order_date | E1: order_amount | F1: year-month
A2: 1 | B2: 1 | C2: =INDEX(customers!D:D,MATCH(B2,customers!A:A,0)) -> Jen South | D2: 45301 | E2: 120.5 | F2: =TEXT(D2,"yyyy-mm") -> 2024-01
A3: 2 | B3: 1 | C3: =INDEX(customers!D:D,MATCH(B3,customers!A:A,0)) -> Jen South | D3: 45738 | E3: 80 | F3: =TEXT(D3,"yyyy-mm") -> 2025-03
A4: 3 | B4: 2 | C4: =INDEX(customers!D:D,MATCH(B4,customers!A:A,0)) -> Edward Juan | D4: 45702 | E4: 200 | F4: =TEXT(D4,"yyyy-mm") -> 2025-02
A5: 4 | B5: 3 | C5: =INDEX(customers!D:D,MATCH(B5,customers!A:A,0)) -> Tara Davis | D5: 45356 | E5: 50 | F5: =TEXT(D5,"yyyy-mm") -> 2024-03
A6: 5 | B6: 3 | C6: =INDEX(customers!D:D,MATCH(B6,customers!A:A,0)) -> Tara Davis | D6: 45400 | E6: 75 | F6: =TEXT(D6,"yyyy-mm") -> 2024-04
A7: 6 | B7: 4 | C7: =INDEX(customers!D:D,MATCH(B7,customers!A:A,0)) -> Michael Queen | D7: 45778 | E7: 300 | F7: =TEXT(D7,"yyyy-mm") -> 2025-05
A8: 7 | B8: 5 | C8: =INDEX(customers!D:D,MATCH(B8,customers!A:A,0)) -> Justin Case | D8: 45519 | E8: 60 | F8: =TEXT(D8,"yyyy-mm") -> 2024-08
A9: 8 | B9: 5 | C9: =INDEX(customers!D:D,MATCH(B9,customers!A:A,0)) -> Justin Case | D9: 45664 | E9: 150 | F9: =TEXT(D9,"yyyy-mm") -> 2025-01
A10: 9 | B10: 5 | C10: =INDEX(customers!D:D,MATCH(B10,customers!A:A,0)) -> Justin Case | D10: 45735 | E10: 75 | F10: =TEXT(D10,"yyyy-mm") -> 2025-03
A11: 10 | B11: 1 | C11: =INDEX(customers!D:D,MATCH(B11,customers!A:A,0)) -> Jen South | D11: 45301 | E11: 120.5 | F11: =TEXT(D11,"yyyy-mm") -> 2024-01
A12: 11 | B12: 1 | C12: =INDEX(customers!D:D,MATCH(B12,customers!A:A,0)) -> Jen South | D12: 45738 | E12: 80 | F12: =TEXT(D12,"yyyy-mm") -> 2025-03
A13: 12 | B13: 2 | C13: =INDEX(customers!D:D,MATCH(B13,customers!A:A,0)) -> Edward Juan | D13: 45702 | E13: 200 | F13: =TEXT(D13,"yyyy-mm") -> 2025-02
... A46: 45 | B46: 5 | C46: =INDEX(customers!D:D,MATCH(B46,customers!A:A,0)) -> Justin Case | D46: 45735 | E46: 75 | F46: =TEXT(D46,"yyyy-mm") -> 2025-03

Sheet pivot
A3: customer_names | B3: Sum of order_amount
A4: Edward Juan | B4: 1000
A5: Jen South | B5: 1002.5
A6: Justin Case | B6: 1425
A7: Michael Queen | B7: 1500
A8: Tara Davis | B8: 625
A9: Grand Total | B9: 5552.5

Sheet dashboard
A1: Customer Analysis Dashboard
A3: Total Revenue | C3: Total Orders | E3: Total Customers | H3: Average Total Value
A4: =SUM(orders!E:E) -> 5552.5 | C4: =COUNTA(orders!A:A)-1 -> 45 | E4: 5 | H4: =AVERAGE(orders!E:E) -> 123.38889
C49: Customer Tier | E49: Number of Customers
C50: top customer | E50: =COUNTIF(customers!E:E,C50) -> 1
C51: high value | E51: =COUNTIF(customers!E:E,C51) -> 2
C52: regular | E52: =COUNTIF(customers!E:E,C52) -> 2
